{
  "generated_at": "2026-01-31T23:12:47.711128",
  "total_entities": 2,
  "total_cost_usd": 1.2600000000000005,
  "avg_cost_per_entity": 0.6300000000000002,
  "estimated_total_iterations": 60,
  "max_iterations_per_entity": 30
}