{
  "generated_at": "2026-02-01T05:15:10.257705",
  "total_entities": 1268,
  "total_cost_usd": 798.8399999999949,
  "avg_cost_per_entity": 0.629999999999996,
  "estimated_total_iterations": 38040,
  "max_iterations_per_entity": 30
}